timestamp,position,command,time_since_start,position_degree
1704799005.7160282,498.0,False,0.0,119.52
1704799005.7276032,498.0,False,0.011574983596801758,119.52
1704799005.7329159,498.0,False,0.016887664794921875,119.52
1704799005.74306,498.0,False,0.027031898498535156,119.52
1704799005.7529695,498.0,False,0.0369412899017334,119.52
1704799005.7628884,498.0,False,0.0468602180480957,119.52
1704799005.7729,498.0,False,0.056871891021728516,119.52
1704799005.7831337,498.0,False,0.06710553169250488,119.52
1704799005.7929895,498.0,False,0.07696127891540527,119.52
1704799005.8028858,498.0,False,0.08685755729675293,119.52
1704799005.8128846,498.0,False,0.09685635566711426,119.52
1704799005.8260596,498.0,False,0.1100313663482666,119.52
1704799005.8332593,498.0,False,0.11723113059997559,119.52
1704799005.8443387,498.0,False,0.1283104419708252,119.52
1704799005.8536525,498.0,False,0.13762426376342773,119.52
1704799005.8631568,498.0,False,0.14712858200073242,119.52
1704799005.8730032,498.0,False,0.15697503089904785,119.52
1704799005.8831015,498.0,False,0.16707324981689453,119.52
1704799005.8929646,498.0,False,0.17693638801574707,119.52
1704799005.9036064,498.0,False,0.1875782012939453,119.52
1704799005.9129498,498.0,False,0.19692158699035645,119.52
1704799005.9230168,498.0,False,0.20698857307434082,119.52
1704799005.9329677,498.0,False,0.21693944931030273,119.52
1704799005.9429204,498.0,False,0.22689223289489746,119.52
1704799005.953116,498.0,False,0.23708772659301758,119.52
1704799005.962907,498.0,False,0.24687886238098145,119.52
1704799005.972896,498.0,False,0.2568678855895996,119.52
1704799005.9829724,498.0,False,0.26694416999816895,119.52
1704799005.9930873,498.0,False,0.27705907821655273,119.52
1704799006.002902,498.0,False,0.28687381744384766,119.52
1704799006.0128667,498.0,False,0.29683852195739746,119.52
1704799006.0229857,498.0,False,0.306957483291626,119.52
1704799006.0339673,498.0,False,0.31793904304504395,119.52
1704799006.042887,498.0,False,0.3268587589263916,119.52
1704799006.052799,498.0,False,0.33677077293395996,119.52
1704799006.0629768,498.0,False,0.34694862365722656,119.52
1704799006.0728853,498.0,False,0.3568570613861084,119.52
1704799006.0830026,498.0,False,0.3669743537902832,119.52
1704799006.0929036,498.0,False,0.3768754005432129,119.52
1704799006.1029909,498.0,False,0.3869626522064209,119.52
1704799006.1128907,498.0,False,0.3968625068664551,119.52
1704799006.1230037,498.0,False,0.40697550773620605,119.52
1704799006.1329782,498.0,False,0.416949987411499,119.52
1704799006.1429598,498.0,False,0.42693161964416504,119.52
1704799006.1530263,498.0,False,0.4369981288909912,119.52
1704799006.1630027,498.0,False,0.446974515914917,119.52
1704799006.1729057,498.0,False,0.4568774700164795,119.52
1704799006.1829374,498.0,False,0.46690917015075684,119.52
1704799006.192904,498.0,False,0.47687578201293945,119.52
1704799006.203062,498.0,False,0.4870338439941406,119.52
1704799006.2129393,498.0,False,0.49691104888916016,119.52
1704799006.2229233,498.0,False,0.5068950653076172,119.52
1704799006.2330844,498.0,False,0.5170562267303467,119.52
1704799006.2435482,498.0,False,0.527519941329956,119.52
1704799006.25281,498.0,False,0.5367817878723145,119.52
1704799006.262947,498.0,False,0.5469188690185547,119.52
1704799006.2729335,498.0,False,0.5569052696228027,119.52
1704799006.2830467,498.0,False,0.5670185089111328,119.52
1704799006.2930222,498.0,False,0.5769939422607422,119.52
1704799006.3030128,498.0,False,0.5869846343994141,119.52
1704799006.3129382,498.0,False,0.5969099998474121,119.52
1704799006.323144,498.0,False,0.6071157455444336,119.52
1704799006.3329415,498.0,False,0.6169133186340332,119.52
1704799006.3450844,498.0,False,0.6290562152862549,119.52
1704799006.3528562,498.0,False,0.6368279457092285,119.52
1704799006.3630176,498.0,False,0.6469893455505371,119.52
1704799006.3729355,498.0,False,0.656907320022583,119.52
1704799006.3829165,498.0,False,0.6668882369995117,119.52
1704799006.3929248,498.0,False,0.6768965721130371,119.52
1704799006.4030633,498.0,False,0.687035083770752,119.52
1704799006.412939,498.0,False,0.6969108581542969,119.52
1704799006.422966,498.0,False,0.7069377899169922,119.52
1704799006.4329429,498.0,False,0.7169146537780762,119.52
1704799006.4435244,498.0,False,0.7274961471557617,119.52
1704799006.4529448,498.0,False,0.7369165420532227,119.52
1704799006.4673126,498.0,False,0.7512843608856201,119.52
1704799006.4729378,498.0,False,0.7569096088409424,119.52
1704799006.482952,498.0,False,0.7669239044189453,119.52
1704799006.4931173,498.0,False,0.7770891189575195,119.52
1704799006.50293,498.0,False,0.7869017124176025,119.52
1704799006.512878,498.0,False,0.7968497276306152,119.52
1704799006.5229647,498.0,False,0.806936502456665,119.52
1704799006.532965,498.0,False,0.816936731338501,119.52
1704799006.543127,498.0,False,0.8270988464355469,119.52
1704799006.5529544,498.0,False,0.8369262218475342,119.52
1704799006.5630443,498.0,False,0.8470160961151123,119.52
1704799006.5731776,498.0,False,0.8571493625640869,119.52
1704799006.5828676,498.0,False,0.8668394088745117,119.52
1704799006.592904,498.0,False,0.8768758773803711,119.52
1704799006.6030304,498.0,False,0.8870022296905518,119.52
1704799006.6129735,498.0,False,0.8969452381134033,119.52
1704799006.622901,498.0,False,0.9068727493286133,119.52
1704799006.6329682,498.0,False,0.9169399738311768,119.52
1704799006.6429079,498.0,False,0.9268796443939209,119.52
1704799006.653799,498.0,False,0.9377708435058594,119.52
1704799006.6630187,498.0,False,0.9469904899597168,119.52
1704799006.6728578,498.0,False,0.9568295478820801,119.52
1704799006.6829693,498.0,False,0.9669411182403564,119.52
1704799006.6929374,498.0,False,0.9769091606140137,119.52
1704799006.70303,498.0,False,0.987001895904541,119.52
1704799006.7128003,498.0,False,0.996772050857544,119.52
1704799006.7229612,498.0,False,1.0069329738616943,119.52
1704799006.7331507,498.0,False,1.017122507095337,119.52
1704799006.7430463,498.0,False,1.0270180702209473,119.52
1704799006.7528071,498.0,False,1.0367789268493652,119.52
1704799006.762952,498.0,False,1.0469238758087158,119.52
1704799006.7729554,498.0,False,1.05692720413208,119.52
1704799006.782938,498.0,False,1.0669097900390625,119.52
1704799006.792921,498.0,False,1.0768928527832031,119.52
1704799006.8029802,498.0,False,1.0869519710540771,119.52
1704799006.812952,498.0,False,1.096923828125,119.52
1704799006.82297,498.0,False,1.1069416999816895,119.52
1704799006.8329475,498.0,False,1.1169192790985107,119.52
1704799006.8428962,498.0,False,1.1268680095672607,119.52
1704799006.8528714,498.0,False,1.136843204498291,119.52
1704799006.865431,498.0,False,1.1494028568267822,119.52
1704799006.8728058,498.0,False,1.1567776203155518,119.52
1704799006.8829174,498.0,False,1.1668891906738281,119.52
1704799006.8929994,498.0,False,1.176971197128296,119.52
1704799006.9032438,498.0,False,1.1872155666351318,119.52
1704799006.9127834,498.0,False,1.1967551708221436,119.52
1704799006.9229436,498.0,False,1.2069153785705566,119.52
1704799006.9330475,498.0,False,1.2170193195343018,119.52
1704799006.9429905,498.0,False,1.2269623279571533,119.52
1704799006.9528546,498.0,False,1.2368264198303223,119.52
1704799006.9630206,498.0,False,1.2469923496246338,119.52
1704799006.972976,498.0,False,1.2569477558135986,119.52
1704799006.9847567,498.0,False,1.268728494644165,119.52
1704799006.9930944,498.0,False,1.2770662307739258,119.52
1704799007.0030487,498.0,False,1.2870204448699951,119.52
1704799007.0128877,498.0,False,1.2968595027923584,119.52
1704799007.0230124,498.0,False,1.3069841861724854,119.52
1704799007.0331943,498.0,False,1.3171660900115967,119.52
1704799007.0428987,498.0,False,1.3268704414367676,119.52
1704799007.0528412,498.0,False,1.336812973022461,119.52
1704799007.0656948,498.0,False,1.3496665954589844,119.52
1704799007.07303,498.0,False,1.357001781463623,119.52
1704799007.0828176,498.0,False,1.3667893409729004,119.52
1704799007.0929034,498.0,False,1.3768751621246338,119.52
1704799007.103019,498.0,False,1.3869907855987549,119.52
1704799007.112935,498.0,False,1.396906852722168,119.52
1704799007.1229515,498.0,False,1.4069232940673828,119.52
1704799007.1329665,498.0,False,1.416938304901123,119.52
1704799007.1429105,498.0,False,1.426882266998291,119.52
1704799007.1530643,498.0,False,1.4370360374450684,119.52
1704799007.162932,498.0,False,1.4469037055969238,119.52
1704799007.1730297,498.0,False,1.4570014476776123,119.52
1704799007.1829834,498.0,False,1.4669551849365234,119.52
1704799007.1930718,498.0,False,1.477043628692627,119.52
1704799007.2029738,498.0,False,1.486945629119873,119.52
1704799007.2128851,498.0,False,1.496856927871704,119.52
1704799007.2229466,498.0,False,1.5069184303283691,119.52
1704799007.2335305,498.0,False,1.5175023078918457,119.52
1704799007.251992,498.0,False,1.535963773727417,119.52
1704799007.2557788,498.0,False,1.539750576019287,119.52
1704799007.262915,498.0,False,1.546886682510376,119.52
1704799007.2732375,498.0,False,1.5572092533111572,119.52
1704799007.282771,498.0,False,1.5667428970336914,119.52
1704799007.2928917,498.0,False,1.5768635272979736,119.52
1704799007.3030765,498.0,False,1.5870482921600342,119.52
1704799007.312944,498.0,False,1.5969157218933105,119.52
1704799007.322918,498.0,False,1.6068897247314453,119.52
1704799007.3329523,498.0,False,1.6169240474700928,119.52
1704799007.3429317,498.0,False,1.6269035339355469,119.52
1704799007.3529348,498.0,False,1.636906623840332,119.52
1704799007.3629308,498.0,False,1.6469025611877441,119.52
1704799007.3729024,498.0,False,1.656874179840088,119.52
1704799007.3829463,498.0,False,1.6669180393218994,119.52
1704799007.3930862,498.0,False,1.6770579814910889,119.52
1704799007.4033988,498.0,False,1.6873705387115479,119.52
1704799007.412806,498.0,False,1.6967778205871582,119.52
1704799007.42295,498.0,False,1.7069218158721924,119.52
1704799007.4349508,498.0,False,1.7189226150512695,119.52
1704799007.442856,498.0,False,1.72682785987854,119.52
1704799007.4529488,498.0,False,1.7369205951690674,119.52
1704799007.463002,498.0,False,1.7469737529754639,119.52
1704799007.4734411,498.0,False,1.7574129104614258,119.52
1704799007.483031,498.0,False,1.767002820968628,119.52
1704799007.4928012,498.0,False,1.7767729759216309,119.52
1704799007.5030339,498.0,False,1.7870056629180908,119.52
1704799007.5130572,498.0,False,1.7970290184020996,119.52
1704799007.5229948,498.0,False,1.8069665431976318,119.52
1704799007.5350587,498.0,False,1.819030523300171,119.52
1704799007.5428739,498.0,False,1.826845645904541,119.52
1704799007.552868,498.0,False,1.8368396759033203,119.52
1704799007.5632787,498.0,False,1.8472504615783691,119.52
1704799007.5728152,498.0,False,1.8567869663238525,119.52
1704799007.5829601,498.0,False,1.8669319152832031,119.52
1704799007.5930314,498.0,False,1.8770031929016113,119.52
1704799007.603202,498.0,False,1.8871738910675049,119.52
1704799007.6128705,498.0,False,1.8968422412872314,119.52
1704799007.622986,498.0,False,1.9069578647613525,119.52
1704799007.6339126,498.0,False,1.917884349822998,119.52
1704799007.6429825,498.0,False,1.9269542694091797,119.52
1704799007.652882,498.0,False,1.9368538856506348,119.52
1704799007.662978,498.0,False,1.9469497203826904,119.52
1704799007.6729977,498.0,False,1.9569694995880127,119.52
1704799007.683429,498.0,False,1.9674007892608643,119.52
1704799007.6930654,498.0,False,1.9770371913909912,119.52
1704799007.7033172,498.0,False,1.9872889518737793,119.52
1704799007.7129447,498.0,False,1.9969165325164795,119.52
1704799007.7176178,550.0,True,2.00158953666687,132.0
1704799007.7230787,498.0,False,2.0070505142211914,119.52
1704799007.7331007,499.0,False,2.0170724391937256,119.76
1704799007.7428637,501.0,False,2.0268354415893555,120.24
1704799007.7530067,503.0,False,2.0369784832000732,120.72
1704799007.763154,511.0,False,2.047125816345215,122.64
1704799007.7767937,515.0,False,2.060765504837036,123.60000000000001
1704799007.7832983,522.0,False,2.067270040512085,125.28
1704799007.7931716,524.0,False,2.077143430709839,125.76
1704799007.802894,530.0,False,2.0868659019470215,127.2
1704799007.8128552,535.0,False,2.0968270301818848,128.4
1704799007.8229835,539.0,False,2.1069552898406982,129.36
1704799007.8329625,542.0,False,2.116934299468994,130.08
1704799007.8429518,545.0,False,2.1269235610961914,130.8
1704799007.8528578,547.0,False,2.1368296146392822,131.28
1704799007.8629465,548.0,False,2.146918296813965,131.52
1704799007.8729048,549.0,False,2.156876564025879,131.76000000000002
1704799007.8829596,550.0,False,2.166931390762329,132.0
1704799007.8929055,550.0,False,2.17687726020813,132.0
1704799007.9030392,550.0,False,2.1870110034942627,132.0
1704799007.913049,550.0,False,2.1970207691192627,132.0
1704799007.9229522,550.0,False,2.2069239616394043,132.0
1704799007.932934,550.0,False,2.2169058322906494,132.0
1704799007.9430008,550.0,False,2.2269725799560547,132.0
1704799007.9549012,550.0,False,2.23887300491333,132.0
1704799007.9629889,549.0,False,2.2469606399536133,131.76000000000002
1704799007.9776087,550.0,False,2.261580467224121,132.0
1704799007.9829094,550.0,False,2.266881227493286,132.0
1704799007.9929183,550.0,False,2.2768900394439697,132.0
1704799008.0033164,550.0,False,2.287288188934326,132.0
1704799008.012906,550.0,False,2.296877861022949,132.0
1704799008.0229874,550.0,False,2.3069591522216797,132.0
1704799008.033469,550.0,False,2.3174407482147217,132.0
1704799008.0430257,550.0,False,2.3269975185394287,132.0
1704799008.053368,549.0,False,2.3373398780822754,131.76000000000002
1704799008.0629249,550.0,False,2.3468966484069824,132.0
1704799008.0729764,550.0,False,2.356948137283325,132.0
1704799008.0830355,550.0,False,2.367007255554199,132.0
1704799008.092984,550.0,False,2.37695574760437,132.0
1704799008.1030176,550.0,False,2.3869893550872803,132.0
1704799008.1128886,549.0,False,2.396860361099243,131.76000000000002
1704799008.1232686,550.0,False,2.407240390777588,132.0
1704799008.1380322,550.0,False,2.422003984451294,132.0
1704799008.1427586,550.0,False,2.4267303943634033,132.0
1704799008.152837,549.0,False,2.4368088245391846,131.76000000000002
1704799008.1630015,549.0,False,2.4469733238220215,131.76000000000002
1704799008.1729338,550.0,False,2.4569056034088135,132.0
1704799008.1828778,549.0,False,2.4668495655059814,131.76000000000002
1704799008.1929455,550.0,False,2.476917266845703,132.0
1704799008.20328,550.0,False,2.4872517585754395,132.0
1704799008.212978,550.0,False,2.4969496726989746,132.0
1704799008.222899,549.0,False,2.506870746612549,131.76000000000002
1704799008.232897,550.0,False,2.516868829727173,132.0
1704799008.242955,550.0,False,2.5269267559051514,132.0
1704799008.252959,550.0,False,2.536930799484253,132.0
1704799008.2629182,550.0,False,2.5468900203704834,132.0
1704799008.27287,550.0,False,2.5568418502807617,132.0
1704799008.2829533,550.0,False,2.566925048828125,132.0
1704799008.2929914,550.0,False,2.576963186264038,132.0
1704799008.3029585,550.0,False,2.586930274963379,132.0
1704799008.3128808,549.0,False,2.5968525409698486,131.76000000000002
1704799008.3229928,550.0,False,2.606964588165283,132.0
1704799008.333584,550.0,False,2.617555856704712,132.0
1704799008.342902,550.0,False,2.626873731613159,132.0
1704799008.3529005,550.0,False,2.6368722915649414,132.0
1704799008.3629909,550.0,False,2.6469626426696777,132.0
1704799008.3729663,549.0,False,2.656938076019287,131.76000000000002
1704799008.3829134,550.0,False,2.6668851375579834,132.0
1704799008.3928792,550.0,False,2.6768510341644287,132.0
1704799008.403002,550.0,False,2.686973810195923,132.0
1704799008.4133077,550.0,False,2.697279453277588,132.0
1704799008.4235952,550.0,False,2.707566976547241,132.0
1704799008.4330893,550.0,False,2.7170610427856445,132.0
1704799008.4429526,550.0,False,2.726924419403076,132.0
1704799008.4528983,550.0,False,2.736870050430298,132.0
1704799008.463132,550.0,False,2.747103691101074,132.0
1704799008.472844,549.0,False,2.7568156719207764,131.76000000000002
1704799008.4829652,550.0,False,2.766937017440796,132.0
1704799008.4929297,550.0,False,2.7769014835357666,132.0
1704799008.5030403,550.0,False,2.7870121002197266,132.0
1704799008.512838,550.0,False,2.796809673309326,132.0
1704799008.522953,550.0,False,2.806924819946289,132.0
1704799008.5335464,549.0,False,2.8175182342529297,131.76000000000002
1704799008.5430324,549.0,False,2.8270041942596436,131.76000000000002
1704799008.557879,549.0,False,2.841850757598877,131.76000000000002
1704799008.5629067,550.0,False,2.8468785285949707,132.0
1704799008.5728652,549.0,False,2.856837034225464,131.76000000000002
1704799008.583005,550.0,False,2.866976737976074,132.0
1704799008.5928133,550.0,False,2.8767850399017334,132.0
1704799008.6030214,550.0,False,2.886993169784546,132.0
1704799008.61289,549.0,False,2.8968617916107178,131.76000000000002
1704799008.6230748,550.0,False,2.9070465564727783,132.0
1704799008.635563,550.0,False,2.919534683227539,132.0
1704799008.6428318,550.0,False,2.9268035888671875,132.0
1704799008.6529117,550.0,False,2.9368834495544434,132.0
1704799008.6629837,550.0,False,2.946955442428589,132.0
1704799008.6729565,549.0,False,2.956928253173828,131.76000000000002
1704799008.6829226,550.0,False,2.9668943881988525,132.0
1704799008.6929884,550.0,False,2.9769601821899414,132.0
1704799008.7038183,550.0,False,2.987790107727051,132.0
1704799008.7130978,549.0,False,2.9970695972442627,131.76000000000002
1704799008.7229583,550.0,False,3.006930112838745,132.0
1704799008.7334108,550.0,False,3.0173826217651367,132.0
1704799008.742933,550.0,False,3.026904821395874,132.0
1704799008.7530043,550.0,False,3.0369760990142822,132.0
1704799008.7629232,550.0,False,3.0468950271606445,132.0
1704799008.7729387,550.0,False,3.056910514831543,132.0
1704799008.7829664,550.0,False,3.0669381618499756,132.0
1704799008.7931175,550.0,False,3.077089309692383,132.0
1704799008.8031957,550.0,False,3.087167501449585,132.0
1704799008.8129473,550.0,False,3.096919059753418,132.0
1704799008.823037,550.0,False,3.107008695602417,132.0
1704799008.8330302,549.0,False,3.117002010345459,131.76000000000002
1704799008.842879,550.0,False,3.1268508434295654,132.0
1704799008.8528478,550.0,False,3.13681960105896,132.0
1704799008.862925,550.0,False,3.1468968391418457,132.0
1704799008.872978,549.0,False,3.156949758529663,131.76000000000002
1704799008.882906,550.0,False,3.1668777465820312,132.0
1704799008.892939,550.0,False,3.176910877227783,132.0
1704799008.9035237,550.0,False,3.187495470046997,132.0
1704799008.9127824,550.0,False,3.196754217147827,132.0
1704799008.9229276,549.0,False,3.206899404525757,131.76000000000002
1704799008.932947,550.0,False,3.216918706893921,132.0
1704799008.9429593,550.0,False,3.226931095123291,132.0
1704799008.9529624,550.0,False,3.236934185028076,132.0
1704799008.9629548,550.0,False,3.2469265460968018,132.0
1704799008.9729278,550.0,False,3.25689959526062,132.0
1704799008.9829547,550.0,False,3.2669265270233154,132.0
1704799008.992995,550.0,False,3.2769668102264404,132.0
1704799009.0030067,550.0,False,3.2869784832000732,132.0
1704799009.0128627,550.0,False,3.2968344688415527,132.0
1704799009.0229893,549.0,False,3.3069610595703125,131.76000000000002
1704799009.033205,550.0,False,3.3171768188476562,132.0
1704799009.042862,550.0,False,3.326833724975586,132.0
1704799009.0545046,550.0,False,3.3384764194488525,132.0
1704799009.0629458,550.0,False,3.3469176292419434,132.0
1704799009.0729551,550.0,False,3.356926918029785,132.0
1704799009.0829697,549.0,False,3.366941452026367,131.76000000000002
1704799009.0929542,550.0,False,3.3769259452819824,132.0
1704799009.1030147,550.0,False,3.386986494064331,132.0
1704799009.1131082,550.0,False,3.3970799446105957,132.0
1704799009.1229842,550.0,False,3.4069559574127197,132.0
1704799009.1333277,550.0,False,3.417299509048462,132.0
1704799009.1428971,550.0,False,3.4268689155578613,132.0
1704799009.1529095,550.0,False,3.4368813037872314,132.0
1704799009.1629667,550.0,False,3.4469385147094727,132.0
1704799009.1729572,550.0,False,3.4569289684295654,132.0
1704799009.1829393,550.0,False,3.4669110774993896,132.0
1704799009.1929786,550.0,False,3.4769504070281982,132.0
1704799009.203094,550.0,False,3.4870657920837402,132.0
1704799009.213008,549.0,False,3.4969797134399414,131.76000000000002
1704799009.222995,550.0,False,3.5069668292999268,132.0
1704799009.233033,550.0,False,3.5170047283172607,132.0
1704799009.2432275,550.0,False,3.5271992683410645,132.0
1704799009.252765,550.0,False,3.5367367267608643,132.0
1704799009.2629497,549.0,False,3.546921491622925,131.76000000000002
1704799009.273043,550.0,False,3.5570147037506104,132.0
1704799009.2829602,550.0,False,3.566931962966919,132.0
1704799009.292873,550.0,False,3.5768446922302246,132.0
1704799009.3030138,550.0,False,3.5869855880737305,132.0
1704799009.3128352,550.0,False,3.5968070030212402,132.0
1704799009.323069,550.0,False,3.6070408821105957,132.0
1704799009.3330083,550.0,False,3.6169800758361816,132.0
1704799009.3429081,550.0,False,3.626879930496216,132.0
1704799009.3528614,550.0,False,3.6368331909179688,132.0
1704799009.3629909,549.0,False,3.6469626426696777,131.76000000000002
1704799009.3729143,550.0,False,3.656886100769043,132.0
1704799009.3830109,550.0,False,3.666982650756836,132.0
1704799009.3929007,550.0,False,3.676872491836548,132.0
1704799009.403047,549.0,False,3.687018871307373,131.76000000000002
1704799009.4129274,550.0,False,3.696899175643921,132.0
1704799009.422936,550.0,False,3.7069077491760254,132.0
1704799009.4330566,550.0,False,3.7170283794403076,132.0
1704799009.443544,550.0,False,3.727515697479248,132.0
1704799009.4527335,550.0,False,3.7367053031921387,132.0
1704799009.4629433,550.0,False,3.746915102005005,132.0
1704799009.4729118,550.0,False,3.7568836212158203,132.0
1704799009.4829714,550.0,False,3.7669432163238525,132.0
1704799009.492939,550.0,False,3.7769107818603516,132.0
1704799009.503009,550.0,False,3.7869808673858643,132.0
1704799009.5129027,549.0,False,3.796874523162842,131.76000000000002
1704799009.5229337,550.0,False,3.806905508041382,132.0
1704799009.53306,550.0,False,3.8170318603515625,132.0
1704799009.5429268,550.0,False,3.8268985748291016,132.0
1704799009.5528624,550.0,False,3.836834192276001,132.0
1704799009.5629873,550.0,False,3.846959114074707,132.0
1704799009.5729709,549.0,False,3.856942653656006,131.76000000000002
1704799009.5829673,549.0,False,3.866939067840576,131.76000000000002
1704799009.5929167,550.0,False,3.8768885135650635,132.0
1704799009.602987,550.0,False,3.8869588375091553,132.0
1704799009.6129382,550.0,False,3.8969099521636963,132.0
1704799009.6229353,549.0,False,3.906907081604004,131.76000000000002
1704799009.633127,550.0,False,3.9170987606048584,132.0
1704799009.6429434,550.0,False,3.926915168762207,132.0
1704799009.6536613,550.0,False,3.9376330375671387,132.0
1704799009.6628425,549.0,False,3.9468142986297607,131.76000000000002
1704799009.6729026,549.0,False,3.956874370574951,131.76000000000002
1704799009.6829607,550.0,False,3.966932535171509,132.0
1704799009.6929214,550.0,False,3.976893186569214,132.0
1704799009.7029905,550.0,False,3.98696231842041,132.0
1704799009.7128887,550.0,False,3.9968605041503906,132.0
1704799009.7229607,550.0,False,4.006932497024536,132.0
1704799009.7333028,550.0,False,4.017274618148804,132.0
1704799009.7429433,549.0,False,4.026915073394775,131.76000000000002
1704799009.7529233,550.0,False,4.036895036697388,132.0
1704799009.7629437,550.0,False,4.046915531158447,132.0
1704799009.772921,550.0,False,4.0568928718566895,132.0
1704799009.782969,550.0,False,4.066940784454346,132.0
1704799009.7929096,550.0,False,4.076881408691406,132.0
1704799009.8030002,549.0,False,4.086971998214722,131.76000000000002
1704799009.8128932,549.0,False,4.096864938735962,131.76000000000002
1704799009.8230286,550.0,False,4.107000350952148,132.0
1704799009.8331015,550.0,False,4.11707329750061,132.0
1704799009.8429828,550.0,False,4.126954555511475,132.0
1704799009.8529742,550.0,False,4.136945962905884,132.0
1704799009.8633342,550.0,False,4.147305965423584,132.0
1704799009.8728495,550.0,False,4.156821250915527,132.0
1704799009.882943,550.0,False,4.166914701461792,132.0
1704799009.8929167,550.0,False,4.176888465881348,132.0
1704799009.903024,550.0,False,4.1869957447052,132.0
1704799009.9128327,550.0,False,4.196804523468018,132.0
1704799009.9229617,550.0,False,4.206933498382568,132.0
1704799009.9329712,550.0,False,4.216943025588989,132.0
1704799009.9429336,549.0,False,4.226905345916748,131.76000000000002
1704799009.9528978,550.0,False,4.23686957359314,132.0
1704799009.962961,550.0,False,4.246932744979858,132.0
1704799009.9729073,549.0,False,4.256879091262817,131.76000000000002
1704799009.9829898,549.0,False,4.266961574554443,131.76000000000002
1704799009.9929268,550.0,False,4.276898622512817,132.0
1704799010.0030146,550.0,False,4.286986351013184,132.0
1704799010.0129185,549.0,False,4.2968902587890625,131.76000000000002
1704799010.022941,550.0,False,4.306912899017334,132.0
1704799010.0329509,550.0,False,4.316922664642334,132.0
1704799010.0429468,550.0,False,4.326918601989746,132.0
1704799010.0528264,550.0,False,4.336798191070557,132.0
1704799010.0653517,550.0,False,4.349323511123657,132.0
1704799010.072774,550.0,False,4.356745719909668,132.0
1704799010.0828981,550.0,False,4.366869926452637,132.0
1704799010.092959,550.0,False,4.3769307136535645,132.0
1704799010.1030288,550.0,False,4.387000560760498,132.0
1704799010.1129472,550.0,False,4.396919012069702,132.0
1704799010.1229746,549.0,False,4.406946420669556,131.76000000000002
1704799010.1330178,550.0,False,4.41698956489563,132.0
1704799010.1429453,550.0,False,4.42691707611084,132.0
1704799010.1530118,550.0,False,4.436983585357666,132.0
1704799010.1629488,550.0,False,4.44692063331604,132.0
1704799010.173069,549.0,False,4.457040786743164,131.76000000000002
1704799010.1829422,550.0,False,4.466913938522339,132.0
1704799010.1930022,550.0,False,4.476974010467529,132.0
1704799010.2030077,550.0,False,4.4869794845581055,132.0
1704799010.2129714,550.0,False,4.496943235397339,132.0
1704799010.222905,550.0,False,4.506876707077026,132.0
1704799010.2330015,550.0,False,4.516973257064819,132.0
1704799010.2429497,550.0,False,4.526921510696411,132.0
1704799010.2529044,550.0,False,4.536876201629639,132.0
1704799010.2629232,550.0,False,4.5468950271606445,132.0
1704799010.273278,550.0,False,4.5572497844696045,132.0
1704799010.2829099,550.0,False,4.5668816566467285,132.0
1704799010.2929387,549.0,False,4.576910495758057,131.76000000000002
1704799010.3030617,550.0,False,4.58703351020813,132.0
1704799010.3128574,550.0,False,4.596829175949097,132.0
1704799010.3228912,550.0,False,4.606863021850586,132.0
1704799010.3329628,550.0,False,4.616934537887573,132.0
1704799010.342977,550.0,False,4.626948833465576,132.0
1704799010.3529603,550.0,False,4.636932134628296,132.0
1704799010.3629446,549.0,False,4.646916389465332,131.76000000000002
1704799010.3729413,550.0,False,4.6569130420684814,132.0
1704799010.3829584,550.0,False,4.666930198669434,132.0
1704799010.3929214,550.0,False,4.67689323425293,132.0
1704799010.4029937,550.0,False,4.686965465545654,132.0
1704799010.4128957,550.0,False,4.6968674659729,132.0
1704799010.4229326,550.0,False,4.706904411315918,132.0
1704799010.4336047,550.0,False,4.717576503753662,132.0
1704799010.4429023,550.0,False,4.726874113082886,132.0
1704799010.4528618,549.0,False,4.736833572387695,131.76000000000002
1704799010.4629366,550.0,False,4.74690842628479,132.0
1704799010.4729834,550.0,False,4.756955146789551,132.0
1704799010.4832053,550.0,False,4.767177104949951,132.0
1704799010.4928167,550.0,False,4.7767884731292725,132.0
1704799010.5030098,550.0,False,4.786981582641602,132.0
1704799010.5128944,549.0,False,4.796866178512573,131.76000000000002
1704799010.5230038,550.0,False,4.806975603103638,132.0
1704799010.5330708,550.0,False,4.817042589187622,132.0
1704799010.5429573,550.0,False,4.826929092407227,132.0
1704799010.5528555,550.0,False,4.836827278137207,132.0
1704799010.563016,550.0,False,4.846987724304199,132.0
1704799010.5729065,550.0,False,4.856878280639648,132.0
1704799010.5830076,550.0,False,4.866979360580444,132.0
1704799010.592919,550.0,False,4.8768908977508545,132.0
1704799010.6030664,550.0,False,4.887038230895996,132.0
1704799010.612903,550.0,False,4.896874904632568,132.0
1704799010.6229935,550.0,False,4.906965255737305,132.0
1704799010.6330853,550.0,False,4.917057037353516,132.0
1704799010.6429286,550.0,False,4.926900386810303,132.0
1704799010.6528912,550.0,False,4.936862945556641,132.0
1704799010.6629193,550.0,False,4.9468910694122314,132.0
1704799010.672969,550.0,False,4.9569408893585205,132.0
1704799010.6863322,550.0,False,4.970304012298584,132.0
1704799010.6927803,550.0,False,4.976752042770386,132.0
1704799010.70299,550.0,False,4.986961841583252,132.0
1704799010.712841,550.0,False,4.99681282043457,132.0
1704799010.7229638,549.0,False,5.0069355964660645,131.76000000000002
1704799010.7317631,500.0,True,5.015734910964966,120.0
1704799010.732998,550.0,False,5.016969680786133,132.0
1704799010.7428439,550.0,False,5.02681565284729,132.0
1704799010.7528875,547.0,False,5.0368592739105225,131.28
1704799010.7629657,545.0,False,5.046937465667725,130.8
1704799010.773002,540.0,False,5.056973695755005,129.60000000000002
1704799010.7829444,535.0,False,5.066916227340698,128.4
1704799010.7929125,527.0,False,5.0768842697143555,126.48
1704799010.8030374,520.0,False,5.0870091915130615,124.80000000000001
1704799010.8129299,517.0,False,5.0969016551971436,124.08
1704799010.8229434,513.0,False,5.106915235519409,123.12
1704799010.8329704,508.0,False,5.1169421672821045,121.92
1704799010.8429968,504.0,False,5.126968622207642,120.96000000000001
1704799010.8529162,501.0,False,5.136888027191162,120.24
1704799010.862934,501.0,False,5.146905899047852,120.24
1704799010.873007,499.0,False,5.1569788455963135,119.76
1704799010.882922,499.0,False,5.166893720626831,119.76
1704799010.893247,499.0,False,5.177218675613403,119.76
1704799010.9029386,499.0,False,5.186910390853882,119.76
1704799010.9128866,499.0,False,5.1968584060668945,119.76
1704799010.9230046,499.0,False,5.206976413726807,119.76
1704799010.9332097,499.0,False,5.217181444168091,119.76
1704799010.9429123,499.0,False,5.226884126663208,119.76
1704799010.9528763,499.0,False,5.2368481159210205,119.76
1704799010.9629328,498.0,False,5.246904611587524,119.52
1704799010.9729173,498.0,False,5.25688910484314,119.52
1704799010.9831235,499.0,False,5.267095327377319,119.76
1704799010.99278,498.0,False,5.276751756668091,119.52
1704799011.0033846,498.0,False,5.287356376647949,119.52
1704799011.0129294,498.0,False,5.296901226043701,119.52
1704799011.0229287,498.0,False,5.306900501251221,119.52
1704799011.0333529,499.0,False,5.317324638366699,119.76
1704799011.04551,499.0,False,5.329481840133667,119.76
1704799011.0528345,498.0,False,5.336806297302246,119.52
1704799011.0645926,498.0,False,5.348564386367798,119.52
1704799011.072862,499.0,False,5.3568336963653564,119.76
1704799011.0828483,499.0,False,5.3668200969696045,119.76
1704799011.0928917,498.0,False,5.376863479614258,119.52
1704799011.1031876,499.0,False,5.38715934753418,119.76
1704799011.1128654,498.0,False,5.39683723449707,119.52
1704799011.1228414,499.0,False,5.406813144683838,119.76
1704799011.1331162,499.0,False,5.417088031768799,119.76
1704799011.1430233,499.0,False,5.426995038986206,119.76
1704799011.1529038,499.0,False,5.436875581741333,119.76
1704799011.1628928,498.0,False,5.446864604949951,119.52
1704799011.1729805,499.0,False,5.456952333450317,119.76
1704799011.1830585,499.0,False,5.46703028678894,119.76
1704799011.1929595,498.0,False,5.47693133354187,119.52
1704799011.202909,498.0,False,5.486880779266357,119.52
1704799011.2128623,498.0,False,5.49683403968811,119.52
1704799011.2230163,498.0,False,5.506988048553467,119.52
1704799011.233941,499.0,False,5.517912864685059,119.76
1704799011.24283,499.0,False,5.526801824569702,119.76
1704799011.2530177,499.0,False,5.536989450454712,119.76
1704799011.263018,498.0,False,5.546989679336548,119.52
1704799011.2730067,499.0,False,5.556978464126587,119.76
1704799011.28283,499.0,False,5.5668017864227295,119.76
1704799011.2928567,499.0,False,5.576828479766846,119.76
1704799011.3043594,498.0,False,5.58833122253418,119.52
1704799011.3129647,499.0,False,5.596936464309692,119.76
1704799011.3243284,499.0,False,5.60830020904541,119.76
1704799011.3328931,498.0,False,5.616864919662476,119.52
1704799011.3428998,499.0,False,5.626871585845947,119.76
1704799011.353093,498.0,False,5.637064695358276,119.52
1704799011.3773375,499.0,False,5.661309242248535,119.76
1704799011.381265,499.0,False,5.665236711502075,119.76
1704799011.38489,498.0,False,5.6688618659973145,119.52
1704799011.3930883,498.0,False,5.677060127258301,119.52
1704799011.4030612,499.0,False,5.68703293800354,119.76
1704799011.4268947,498.0,False,5.710866451263428,119.52
1704799011.4316344,498.0,False,5.715606212615967,119.52
1704799011.436661,499.0,False,5.720632791519165,119.76
1704799011.4442809,498.0,False,5.728252649307251,119.52
1704799011.4528008,498.0,False,5.736772537231445,119.52
1704799011.4628987,499.0,False,5.746870517730713,119.76
1704799011.4729936,499.0,False,5.756965398788452,119.76
1704799011.4830515,499.0,False,5.767023324966431,119.76
1704799011.4927812,498.0,False,5.776752948760986,119.52
1704799011.5030484,499.0,False,5.787020206451416,119.76
1704799011.5133789,498.0,False,5.797350645065308,119.52
1704799011.5287375,499.0,False,5.812709331512451,119.76
1704799011.5331354,498.0,False,5.817107200622559,119.52
1704799011.5428352,498.0,False,5.826807022094727,119.52
1704799011.5528693,499.0,False,5.836841106414795,119.76
1704799011.5632253,498.0,False,5.84719705581665,119.52
1704799011.5798318,499.0,False,5.8638036251068115,119.76
1704799011.5832663,498.0,False,5.8672380447387695,119.52
1704799011.5928378,499.0,False,5.876809597015381,119.76
1704799011.6068954,498.0,False,5.890867233276367,119.52
1704799011.612834,498.0,False,5.896805763244629,119.52
1704799011.6228971,498.0,False,5.906868934631348,119.52
1704799011.633623,499.0,False,5.91759467124939,119.76
1704799011.6430342,498.0,False,5.927006006240845,119.52
1704799011.6529222,498.0,False,5.936893939971924,119.52
1704799011.6629305,498.0,False,5.946902275085449,119.52
1704799011.6729453,499.0,False,5.95691704750061,119.76
1704799011.6832113,499.0,False,5.9671831130981445,119.76
1704799011.6930752,498.0,False,5.977046966552734,119.52
1704799011.702882,499.0,False,5.986853837966919,119.76
1704799011.7128925,499.0,False,5.996864318847656,119.76
1704799011.7230723,499.0,False,6.007044076919556,119.76
1704799011.7334707,498.0,False,6.017442464828491,119.52
1704799011.755046,498.0,False,6.039017677307129,119.52
1704799011.7588065,498.0,False,6.042778253555298,119.52
1704799011.7633953,498.0,False,6.047367095947266,119.52
1704799011.7732003,498.0,False,6.057172060012817,119.52
1704799011.7828593,498.0,False,6.066831111907959,119.52
1704799011.7928996,498.0,False,6.076871395111084,119.52
1704799011.8032084,498.0,False,6.087180137634277,119.52
1704799011.814254,499.0,False,6.098225831985474,119.76
1704799011.8229587,498.0,False,6.106930494308472,119.52
1704799011.8329473,498.0,False,6.116919040679932,119.52
1704799011.8430407,499.0,False,6.127012491226196,119.76
1704799011.8531418,499.0,False,6.137113571166992,119.76
1704799011.8627737,498.0,False,6.146745443344116,119.52
1704799011.872864,498.0,False,6.1568357944488525,119.52
1704799011.8830535,498.0,False,6.167025327682495,119.52
1704799011.8935697,499.0,False,6.177541494369507,119.76
1704799011.902899,498.0,False,6.186870813369751,119.52
1704799011.9174497,498.0,False,6.201421499252319,119.52
1704799011.9233253,498.0,False,6.207297086715698,119.52
1704799011.9341862,499.0,False,6.218158006668091,119.76
1704799011.9429379,499.0,False,6.226909637451172,119.76
1704799011.9527738,499.0,False,6.236745595932007,119.76
1704799011.9629364,499.0,False,6.246908187866211,119.76
1704799011.973207,499.0,False,6.257178783416748,119.76
1704799011.9828315,499.0,False,6.26680326461792,119.76
1704799011.9927921,499.0,False,6.276763916015625,119.76
1704799012.003001,499.0,False,6.286972761154175,119.76
1704799012.0129623,498.0,False,6.296934127807617,119.52
1704799012.0228367,499.0,False,6.3068084716796875,119.76
1704799012.0329995,499.0,False,6.316971302032471,119.76
1704799012.0429366,498.0,False,6.326908349990845,119.52
1704799012.054239,498.0,False,6.338210821151733,119.52
1704799012.0668375,498.0,False,6.350809335708618,119.52
1704799012.0727699,499.0,False,6.356741666793823,119.76
1704799012.082917,498.0,False,6.366888761520386,119.52
1704799012.0930133,498.0,False,6.3769850730896,119.52
1704799012.1029594,498.0,False,6.3869311809539795,119.52
1704799012.112837,499.0,False,6.396808862686157,119.76
1704799012.1229854,499.0,False,6.406957149505615,119.76
1704799012.1331348,498.0,False,6.417106628417969,119.52
1704799012.1470034,498.0,False,6.4309751987457275,119.52
1704799012.1527371,499.0,False,6.436708927154541,119.76
1704799012.1671104,498.0,False,6.451082229614258,119.52
1704799012.1731093,499.0,False,6.457081079483032,119.76
1704799012.1863983,499.0,False,6.470370054244995,119.76
1704799012.1928177,499.0,False,6.476789474487305,119.76
1704799012.2032526,498.0,False,6.487224340438843,119.52
1704799012.212977,499.0,False,6.496948719024658,119.76
1704799012.2231574,498.0,False,6.507129192352295,119.52
1704799012.2331378,499.0,False,6.517109632492065,119.76
1704799012.2428143,499.0,False,6.5267860889434814,119.76
1704799012.2528732,498.0,False,6.536844968795776,119.52
1704799012.267072,499.0,False,6.551043748855591,119.76
1704799012.2727437,499.0,False,6.556715488433838,119.76
1704799012.2843363,498.0,False,6.568308115005493,119.52
1704799012.2928946,498.0,False,6.576866388320923,119.52
1704799012.3031147,499.0,False,6.58708643913269,119.76
1704799012.312723,499.0,False,6.596694707870483,119.76
1704799012.3340673,498.0,False,6.618039131164551,119.52
1704799012.3386338,499.0,False,6.622605562210083,119.76
1704799012.347687,498.0,False,6.6316587924957275,119.52
1704799012.3529396,498.0,False,6.636911392211914,119.52
1704799012.3628194,498.0,False,6.646791219711304,119.52
1704799012.3729367,498.0,False,6.6569085121154785,119.52
1704799012.383071,498.0,False,6.6670427322387695,119.52
1704799012.3934364,498.0,False,6.677408218383789,119.52
1704799012.403167,499.0,False,6.687138795852661,119.76
1704799012.4128797,499.0,False,6.696851491928101,119.76
1704799012.4231622,499.0,False,6.707134008407593,119.76
1704799012.4367926,498.0,False,6.720764398574829,119.52
1704799012.442769,499.0,False,6.726740837097168,119.76
1704799012.4546416,498.0,False,6.7386133670806885,119.52
1704799012.4630392,499.0,False,6.747010946273804,119.76
1704799012.4733014,499.0,False,6.757273197174072,119.76
1704799012.4829197,499.0,False,6.7668914794921875,119.76
1704799012.4928634,498.0,False,6.776835203170776,119.52
1704799012.5033696,498.0,False,6.787341356277466,119.52
1704799012.5130212,499.0,False,6.796993017196655,119.76
1704799012.5229218,498.0,False,6.806893587112427,119.52
1704799012.5329013,498.0,False,6.816873073577881,119.52
1704799012.5433593,498.0,False,6.827331066131592,119.52
1704799012.5531104,498.0,False,6.837082147598267,119.52
1704799012.562847,498.0,False,6.846818685531616,119.52
